feature,importance
M9_dev_10,0.0006642375083174556
M11_roll_std_40,0.0005256460135569796
E9_lag_3,0.0005158745043445379
M4_lag_2,0.00047123825061134994
M9_accel,0.00041500324732623994
I2,0.0004097337514394894
M3_zscore_5,0.00028449250385165215
M9_zscore_5,0.00023619024432264268
P8_diff_1,0.00023422599770128727
V7,0.0001989207521546632
P8_pct_1,0.00017324650252703577
M4_zscore_10,0.00016886999947018921
M17_roll_min_60,0.00015668624837417156
P2_diff_1,0.00015301874373108149
M4_roll_min_5,0.00013976191894471413
M9_roll_std_5,0.00012138699821662158
M10_zscore_10,7.150450255721807e-05
P7,1.4822774573985953e-05
M11_zscore_60,1.20186999241767e-10
E12_lag_3,0.0
M1_roll_max_10,0.0
E11_lag_10,0.0
M14_dev_5,0.0
M8_lag_2,0.0
M1_pct_5,0.0
P7_diff_10,0.0
M11_dev_10,0.0
M11_zscore_40,0.0
D8,0.0
M13_roll_std_40,0.0
V7_dev_40,0.0
E12_lag_5,0.0
V7_dev_5,0.0
M7_pct_1,0.0
I3_div_P10,0.0
V7_zscore_60,0.0
M11_dev_40,0.0
M14_diff_1,0.0
M12_lag_2,0.0
E10_div_S10,0.0
M1_roll_max_40,0.0
M11_roll_std_60,0.0
V7_zscore_10,0.0
M8_pct_5,0.0
P2_pct_5,0.0
V1_zscore_5,0.0
P2_diff_10,0.0
M11_zscore_20,0.0
M17_roll_max_40,0.0
E12_lag_10,0.0
M11_dev_60,0.0
M8_roll_mean_40,0.0
M14_roll_std_20,0.0
M8_lag_10,0.0
M8_roll_min_10,0.0
P8,0.0
M4_zscore_5,0.0
V13_roll_max_20,0.0
S6,0.0
M13_roll_std_60,0.0
M12_diff_1,0.0
M2_roll_mean_5,0.0
P11_bb_position,0.0
P6_diff_1,0.0
P12_lag_5,0.0
V13_roll_max_10,0.0
M8_roll_min_40,0.0
M12_roll_max_60,0.0
E12,0.0
M13_roll_std_10,0.0
M2_diff_1,0.0
E11_lag_1,0.0
M12_roll_min_60,0.0
M1_lag_3,0.0
M8_roll_mean_5,0.0
M9_pct_1,0.0
M8_roll_min_5,0.0
V13_roll_min_5,0.0
M14_pct_10,0.0
M9_dev_40,0.0
S2,0.0
V13,0.0
V13_dev_40,0.0
M9_zscore_60,0.0
P11_diff_10,0.0
M9_zscore_10,0.0
M9_zscore_40,0.0
V13_dev_20,0.0
D2,0.0
M4_diff_10,0.0
M4_zscore_20,0.0
M9_diff_5,0.0
P8_pct_5,0.0
S5,0.0
M9_zscore_20,0.0
V13_dev_10,0.0
M4_roll_mean_5,0.0
P10_accel,0.0
M4_lag_1,0.0
M9_dev_5,0.0
P2_diff_5,0.0
M4_zscore_60,0.0
P10_diff_10,0.0
M4_dev_10,0.0
P8_diff_10,0.0
P11_diff_1,0.0
P11_diff_5,0.0
P8_accel,0.0
P8_diff_5,0.0
M9_diff_1,0.0
M4,0.0
P10_diff_5,0.0
V7_dev_10,0.0
I2_div_P10,0.0
P5_lag_2,0.0
M2_diff_10,0.0
V13_dev_5,0.0
E11_lag_2,0.0
P5,0.0
M13_roll_std_20,0.0
V7_zscore_20,0.0
M2,0.0
V7_dev_20,0.0
V13_zscore_40,0.0
M11_div_V1,0.0
V7_zscore_40,0.0
P10_bb_position,0.0
P10_diff_1,0.0
P5_lag_1,0.0
V13_roll_max_5,0.0
P11_accel,0.0
V13_roll_mean_5,0.0
M11_diff_5,0.0
E11,0.0
V13_zscore_10,0.0
M4_dev_5,0.0
P5_lag_3,0.0
M11_zscore_10,0.0
V13_zscore_20,0.0
M4_roll_max_5,0.0
M9_dev_60,0.0
M9_diff_10,0.0
E11_lag_3,0.0
E11_lag_5,0.0
M4_diff_5,0.0
M9_dev_20,0.0
P2_accel,0.0
E12_lag_2,0.0
