{"return_model_paths": ["../artifacts/return_model_fold1.pkl", "../artifacts/return_model_fold2.pkl", "../artifacts/return_model_fold3.pkl", "../artifacts/return_model_fold4.pkl"], "risk_model_paths": ["../artifacts/risk_model_fold1.pkl", "../artifacts/risk_model_fold2.pkl", "../artifacts/risk_model_fold3.pkl", "../artifacts/risk_model_fold4.pkl"], "fold_params": [{"fold": 1, "k": 2.0, "b": 5.0, "score": 10.034031040823681}, {"fold": 2, "k": 2.0, "b": 5.0, "score": 9.777426235062126}, {"fold": 3, "k": 2.0, "b": 5.0, "score": 9.608803738739574}, {"fold": 4, "k": 2.0, "b": 5.0, "score": 9.582208634957079}]}