{
  "predictions": {
    "n_valid": 9021,
    "n_total": 9021,
    "r_hat_mean": 0.00039410269126873135,
    "sigma_hat_mean": 0.007769495755440602
  },
  "sharpe_scaling": {
    "best_params": {
      "k": 1.7247817582541343,
      "b": 1.4737280285136711
    },
    "best_score": 0.05804470041892844,
    "n_trials": 100,
    "validation": {
      "vol_ratio": 1.19874834098234,
      "vol_ratio_ok": true,
      "vol_violation_pct": 0.0,
      "leverage_days": 104.0,
      "leverage_pct": 0.011528655359716217,
      "leverage_ok": true,
      "all_constraints_ok": true
    }
  },
  "quantile_binning": {
    "best_allocations": [
      0.0006865627930721097,
      0.6553524323586867,
      0.47410607087903206,
      0.5374470245738578,
      0.6575957719229533,
      1.0291227742430111,
      1.848816803742666
    ],
    "best_score": 0.07164052044867622,
    "n_bins": 7,
    "n_trials": 100,
    "validation": {
      "vol_ratio": 1.0800484802324077,
      "vol_ratio_ok": true,
      "vol_violation_pct": 0.0,
      "leverage_days": 0.0,
      "leverage_pct": 0.0,
      "leverage_ok": true,
      "all_constraints_ok": true
    }
  },
  "comparison": [
    {
      "strategy": "Quantile Binning",
      "score": 0.07164052044867622,
      "mean_return": 0.0008137167076952756,
      "volatility": 0.01135833048949202,
      "vol_ratio": 1.080048480232977,
      "sharpe_ratio": 0.07164052044867622,
      "leverage_pct": 0.0,
      "params": "bins=7"
    },
    {
      "strategy": "Sharpe Scaling",
      "score": 0.05804470041892844,
      "mean_return": 0.000731748505463058,
      "volatility": 0.012606637646189557,
      "vol_ratio": 1.198748340982972,
      "sharpe_ratio": 0.05804470041892844,
      "leverage_pct": 0.011528655359716217,
      "params": "k=1.725, b=1.474"
    },
    {
      "strategy": "Baseline (1.0)",
      "score": 0.04488666858934827,
      "mean_return": 0.0004720506726255134,
      "volatility": 0.010516500499160064,
      "vol_ratio": 0.9999999904911335,
      "sharpe_ratio": 0.04488666858934827,
      "leverage_pct": 0.0,
      "params": "allocation=1.0"
    }
  ],
  "best_strategy": {
    "strategy_name": "Quantile Binning",
    "score": 0.07164052044867622,
    "metrics": {
      "mean_return": 0.0008137167076952756,
      "volatility": 0.01135833048949202,
      "vol_ratio": 1.080048480232977,
      "sharpe_ratio": 0.07164052044867622,
      "leverage_pct": 0.0
    },
    "parameters": {
      "allocations": [
        0.0006865627930721097,
        0.6553524323586867,
        0.47410607087903206,
        0.5374470245738578,
        0.6575957719229533,
        1.0291227742430111,
        1.848816803742666
      ],
      "n_bins": 7
    }
  },
  "test_predictions": {
    "n_samples": 10,
    "allocation_mean": 0.7590077831622875,
    "allocation_std": 0.6496843516094818,
    "allocation_min": 0.0006865627930721097,
    "allocation_max": 1.848816803742666,
    "output_path": "submission.parquet"
  },
  "duration_seconds": 5.156796,
  "status": "success"
}