{
  "predictions": {
    "n_valid": 9021,
    "n_total": 9021,
    "r_hat_mean": 0.0003048121936625515,
    "sigma_hat_mean": 0.007777989079834505
  },
  "sharpe_scaling": {
    "best_params": {
      "k": 1.945588570164246,
      "b": 2.7024515588253677
    },
    "best_score": 0.05147483014950244,
    "n_trials": 100,
    "validation": {
      "vol_ratio": 1.1984360616947998,
      "vol_ratio_ok": true,
      "vol_violation_pct": 0.0,
      "leverage_days": 56.0,
      "leverage_pct": 0.006207737501385656,
      "leverage_ok": true,
      "all_constraints_ok": true
    }
  },
  "quantile_binning": {
    "best_allocations": [
      0.514725273821336,
      0.07475928018384598,
      0.5379217856218218,
      0.5005158566162363,
      0.6736214951842585,
      1.3400472397045604,
      1.7711097744249056
    ],
    "best_score": 0.07623391563318209,
    "n_bins": 7,
    "n_trials": 100,
    "validation": {
      "vol_ratio": 0.887087662226522,
      "vol_ratio_ok": true,
      "vol_violation_pct": 0.0,
      "leverage_days": 0.0,
      "leverage_pct": 0.0,
      "leverage_ok": true,
      "all_constraints_ok": true
    }
  },
  "comparison": [
    {
      "strategy": "Quantile Binning",
      "score": 0.07623391563318209,
      "mean_return": 0.0007128415143008565,
      "volatility": 0.00935071363421585,
      "vol_ratio": 0.8870876622269884,
      "sharpe_ratio": 0.07623391563318209,
      "leverage_pct": 0.0,
      "params": "bins=7"
    },
    {
      "strategy": "Sharpe Scaling",
      "score": 0.05147483014950244,
      "mean_return": 0.0006502614511416992,
      "volatility": 0.012632609942628138,
      "vol_ratio": 1.1984360616954302,
      "sharpe_ratio": 0.05147483014950244,
      "leverage_pct": 0.006207737501385656,
      "params": "k=1.946, b=2.702"
    },
    {
      "strategy": "Baseline (1.0)",
      "score": 0.04472584803561963,
      "mean_return": 0.0004714512565883775,
      "volatility": 0.010540912633180573,
      "vol_ratio": 0.9999999905131556,
      "sharpe_ratio": 0.04472584803561963,
      "leverage_pct": 0.0,
      "params": "allocation=1.0"
    }
  ],
  "best_strategy": {
    "strategy_name": "Quantile Binning",
    "score": 0.07623391563318209,
    "metrics": {
      "mean_return": 0.0007128415143008565,
      "volatility": 0.00935071363421585,
      "vol_ratio": 0.8870876622269884,
      "sharpe_ratio": 0.07623391563318209,
      "leverage_pct": 0.0
    },
    "parameters": {
      "allocations": [
        0.514725273821336,
        0.07475928018384598,
        0.5379217856218218,
        0.5005158566162363,
        0.6736214951842585,
        1.3400472397045604,
        1.7711097744249056
      ],
      "n_bins": 7
    }
  },
  "test_predictions": {
    "n_samples": 10,
    "allocation_mean": 0.8199051610419442,
    "allocation_std": 0.5894039094616833,
    "allocation_min": 0.07475928018384598,
    "allocation_max": 1.7711097744249056,
    "output_path": "submission.parquet"
  },
  "duration_seconds": 4.2727319999999995,
  "status": "success"
}